<METRICS_PROFILE name = "Complexity metrics">
	<METRIC className = "com.sixrr.stockmetrics.projectMetrics.AttributeHidingFactorProjectMetric" enabled = "false" lowerThreshold = "0.0" lowerThresholdEnabled = "false" upperThreshold = "0.0" upperThresholdEnabled = "false" />
	<METRIC className = "com.sixrr.stockmetrics.projectMetrics.AttributeInheritanceFactorProjectMetric" enabled = "false" lowerThreshold = "0.0" lowerThresholdEnabled = "false" upperThreshold = "0.0" upperThresholdEnabled = "false" />
	<METRIC className = "com.sixrr.stockmetrics.projectMetrics.AverageCyclomaticComplexityProjectMetric" enabled = "true" lowerThreshold = "0.0" lowerThresholdEnabled = "false" upperThreshold = "0.0" upperThresholdEnabled = "false" />
	<METRIC className = "com.sixrr.stockmetrics.projectMetrics.CommentLinesOfCodeProjectMetric" enabled = "false" lowerThreshold = "0.0" lowerThresholdEnabled = "false" upperThreshold = "0.0" upperThresholdEnabled = "false" />
	<METRIC className = "com.sixrr.stockmetrics.projectMetrics.CommentRatioProjectMetric" enabled = "false" lowerThreshold = "0.0" lowerThresholdEnabled = "false" upperThreshold = "0.0" upperThresholdEnabled = "false" />
	<METRIC className = "com.sixrr.stockmetrics.projectMetrics.CouplingFactorProjectMetric" enabled = "false" lowerThreshold = "0.0" lowerThresholdEnabled = "false" upperThreshold = "0.0" upperThresholdEnabled = "false" />
	<METRIC className = "com.sixrr.stockmetrics.projectMetrics.PercentClassesJavadocedProjectMetric" enabled = "false" lowerThreshold = "0.0" lowerThresholdEnabled = "false" upperThreshold = "0.0" upperThresholdEnabled = "false" />
	<METRIC className = "com.sixrr.stockmetrics.projectMetrics.PercentFieldsJavadocedProjectMetric" enabled = "false" lowerThreshold = "0.0" lowerThresholdEnabled = "false" upperThreshold = "0.0" upperThresholdEnabled = "false" />
	<METRIC className = "com.sixrr.stockmetrics.projectMetrics.JavadocLinesOfCodeProjectMetric" enabled = "false" lowerThreshold = "0.0" lowerThresholdEnabled = "false" upperThreshold = "0.0" upperThresholdEnabled = "false" />
	<METRIC className = "com.sixrr.stockmetrics.projectMetrics.PercentMethodsJavadocedProjectMetric" enabled = "false" lowerThreshold = "0.0" lowerThresholdEnabled = "false" upperThreshold = "0.0" upperThresholdEnabled = "false" />
	<METRIC className = "com.sixrr.stockmetrics.projectMetrics.LinesOfCSSProjectMetric" enabled = "false" lowerThreshold = "0.0" lowerThresholdEnabled = "false" upperThreshold = "0.0" upperThresholdEnabled = "false" />
	<METRIC className = "com.sixrr.stockmetrics.projectMetrics.LinesOfGroovyProjectMetric" enabled = "false" lowerThreshold = "0.0" lowerThresholdEnabled = "false" upperThreshold = "0.0" upperThresholdEnabled = "false" />
	<METRIC className = "com.sixrr.stockmetrics.projectMetrics.LinesOfHTMLProjectMetric" enabled = "false" lowerThreshold = "0.0" lowerThresholdEnabled = "false" upperThreshold = "0.0" upperThresholdEnabled = "false" />
	<METRIC className = "com.sixrr.stockmetrics.projectMetrics.LinesOfJSPProjectMetric" enabled = "false" lowerThreshold = "0.0" lowerThresholdEnabled = "false" upperThreshold = "0.0" upperThresholdEnabled = "false" />
	<METRIC className = "com.sixrr.stockmetrics.projectMetrics.LinesOfJavaProjectMetric" enabled = "false" lowerThreshold = "0.0" lowerThresholdEnabled = "false" upperThreshold = "0.0" upperThresholdEnabled = "false" />
	<METRIC className = "com.sixrr.stockmetrics.projectMetrics.LinesOfJavaScriptProjectMetric" enabled = "false" lowerThreshold = "0.0" lowerThresholdEnabled = "false" upperThreshold = "0.0" upperThresholdEnabled = "false" />
	<METRIC className = "com.sixrr.stockmetrics.projectMetrics.LinesOfKotlinProjectMetric" enabled = "false" lowerThreshold = "0.0" lowerThresholdEnabled = "false" upperThreshold = "0.0" upperThresholdEnabled = "false" />
	<METRIC className = "com.sixrr.stockmetrics.projectMetrics.LinesOfXMLProjectMetric" enabled = "false" lowerThreshold = "0.0" lowerThresholdEnabled = "false" upperThreshold = "0.0" upperThresholdEnabled = "false" />
	<METRIC className = "com.sixrr.stockmetrics.projectMetrics.LinesOfCodeProjectMetric" enabled = "false" lowerThreshold = "0.0" lowerThresholdEnabled = "false" upperThreshold = "0.0" upperThresholdEnabled = "false" />
	<METRIC className = "com.sixrr.stockmetrics.projectMetrics.LinesOfProductCodeProjectMetric" enabled = "false" lowerThreshold = "0.0" lowerThresholdEnabled = "false" upperThreshold = "0.0" upperThresholdEnabled = "false" />
	<METRIC className = "com.sixrr.stockmetrics.projectMetrics.LinesOfTestCodeProjectMetric" enabled = "false" lowerThreshold = "0.0" lowerThresholdEnabled = "false" upperThreshold = "0.0" upperThresholdEnabled = "false" />
	<METRIC className = "com.sixrr.stockmetrics.projectMetrics.MethodHidingFactorProjectMetric" enabled = "false" lowerThreshold = "0.0" lowerThresholdEnabled = "false" upperThreshold = "0.0" upperThresholdEnabled = "false" />
	<METRIC className = "com.sixrr.stockmetrics.projectMetrics.MethodInheritanceFactorProjectMetric" enabled = "false" lowerThreshold = "0.0" lowerThresholdEnabled = "false" upperThreshold = "0.0" upperThresholdEnabled = "false" />
	<METRIC className = "com.sixrr.stockmetrics.projectMetrics.SourceLinesOfCodeProjectMetric" enabled = "false" lowerThreshold = "0.0" lowerThresholdEnabled = "false" upperThreshold = "0.0" upperThresholdEnabled = "false" />
	<METRIC className = "com.sixrr.stockmetrics.projectMetrics.SourceLinesOfCodeProductProjectMetric" enabled = "false" lowerThreshold = "0.0" lowerThresholdEnabled = "false" upperThreshold = "0.0" upperThresholdEnabled = "false" />
	<METRIC className = "com.sixrr.stockmetrics.projectMetrics.SourceLinesOfCodeTestProjectMetric" enabled = "false" lowerThreshold = "0.0" lowerThresholdEnabled = "false" upperThreshold = "0.0" upperThresholdEnabled = "false" />
	<METRIC className = "com.sixrr.stockmetrics.projectMetrics.NumCSSFilesProjectMetric" enabled = "false" lowerThreshold = "0.0" lowerThresholdEnabled = "false" upperThreshold = "0.0" upperThresholdEnabled = "false" />
	<METRIC className = "com.sixrr.stockmetrics.projectMetrics.NumGroovyFilesProjectMetric" enabled = "false" lowerThreshold = "0.0" lowerThresholdEnabled = "false" upperThreshold = "0.0" upperThresholdEnabled = "false" />
	<METRIC className = "com.sixrr.stockmetrics.projectMetrics.NumHTMLFilesProjectMetric" enabled = "false" lowerThreshold = "0.0" lowerThresholdEnabled = "false" upperThreshold = "0.0" upperThresholdEnabled = "false" />
	<METRIC className = "com.sixrr.stockmetrics.projectMetrics.NumJSPFilesProjectMetric" enabled = "false" lowerThreshold = "0.0" lowerThresholdEnabled = "false" upperThreshold = "0.0" upperThresholdEnabled = "false" />
	<METRIC className = "com.sixrr.stockmetrics.projectMetrics.NumTestAssertsProjectMetric" enabled = "false" lowerThreshold = "0.0" lowerThresholdEnabled = "false" upperThreshold = "0.0" upperThresholdEnabled = "false" />
	<METRIC className = "com.sixrr.stockmetrics.projectMetrics.NumTestCasesProjectMetric" enabled = "false" lowerThreshold = "0.0" lowerThresholdEnabled = "false" upperThreshold = "0.0" upperThresholdEnabled = "false" />
	<METRIC className = "com.sixrr.stockmetrics.projectMetrics.NumTestMethodsProjectMetric" enabled = "false" lowerThreshold = "0.0" lowerThresholdEnabled = "false" upperThreshold = "0.0" upperThresholdEnabled = "false" />
	<METRIC className = "com.sixrr.stockmetrics.projectMetrics.NumJavaFilesProjectMetric" enabled = "false" lowerThreshold = "0.0" lowerThresholdEnabled = "false" upperThreshold = "0.0" upperThresholdEnabled = "false" />
	<METRIC className = "com.sixrr.stockmetrics.projectMetrics.NumJavaScriptFilesProjectMetric" enabled = "false" lowerThreshold = "0.0" lowerThresholdEnabled = "false" upperThreshold = "0.0" upperThresholdEnabled = "false" />
	<METRIC className = "com.sixrr.stockmetrics.projectMetrics.NumKotlinFilesProjectMetric" enabled = "false" lowerThreshold = "0.0" lowerThresholdEnabled = "false" upperThreshold = "0.0" upperThresholdEnabled = "false" />
	<METRIC className = "com.sixrr.stockmetrics.projectMetrics.TodoCommentCountProjectMetric" enabled = "false" lowerThreshold = "0.0" lowerThresholdEnabled = "false" upperThreshold = "0.0" upperThresholdEnabled = "false" />
	<METRIC className = "com.sixrr.stockmetrics.projectMetrics.NumXMLFilesProjectMetric" enabled = "false" lowerThreshold = "0.0" lowerThresholdEnabled = "false" upperThreshold = "0.0" upperThresholdEnabled = "false" />
	<METRIC className = "com.sixrr.stockmetrics.projectMetrics.NumAbstractClassesProjectMetric" enabled = "false" lowerThreshold = "0.0" lowerThresholdEnabled = "false" upperThreshold = "0.0" upperThresholdEnabled = "false" />
	<METRIC className = "com.sixrr.stockmetrics.projectMetrics.NumAnnotationClassesProjectMetric" enabled = "false" lowerThreshold = "0.0" lowerThresholdEnabled = "false" upperThreshold = "0.0" upperThresholdEnabled = "false" />
	<METRIC className = "com.sixrr.stockmetrics.projectMetrics.NumClassesProjectMetric" enabled = "false" lowerThreshold = "0.0" lowerThresholdEnabled = "false" upperThreshold = "0.0" upperThresholdEnabled = "false" />
	<METRIC className = "com.sixrr.stockmetrics.projectMetrics.NumConcreteClassesProjectMetric" enabled = "false" lowerThreshold = "0.0" lowerThresholdEnabled = "false" upperThreshold = "0.0" upperThresholdEnabled = "false" />
	<METRIC className = "com.sixrr.stockmetrics.projectMetrics.NumEnumClassesProjectMetric" enabled = "false" lowerThreshold = "0.0" lowerThresholdEnabled = "false" upperThreshold = "0.0" upperThresholdEnabled = "false" />
	<METRIC className = "com.sixrr.stockmetrics.projectMetrics.NumFilesProjectMetric" enabled = "false" lowerThreshold = "0.0" lowerThresholdEnabled = "false" upperThreshold = "0.0" upperThresholdEnabled = "false" />
	<METRIC className = "com.sixrr.stockmetrics.projectMetrics.NumInterfacesProjectMetric" enabled = "false" lowerThreshold = "0.0" lowerThresholdEnabled = "false" upperThreshold = "0.0" upperThresholdEnabled = "false" />
	<METRIC className = "com.sixrr.stockmetrics.projectMetrics.NumLeafClassesProjectMetric" enabled = "false" lowerThreshold = "0.0" lowerThresholdEnabled = "false" upperThreshold = "0.0" upperThresholdEnabled = "false" />
	<METRIC className = "com.sixrr.stockmetrics.projectMetrics.NumMethodsProjectMetric" enabled = "false" lowerThreshold = "0.0" lowerThresholdEnabled = "false" upperThreshold = "0.0" upperThresholdEnabled = "false" />
	<METRIC className = "com.sixrr.stockmetrics.projectMetrics.NumModulesInProjectMetric" enabled = "false" lowerThreshold = "0.0" lowerThresholdEnabled = "false" upperThreshold = "0.0" upperThresholdEnabled = "false" />
	<METRIC className = "com.sixrr.stockmetrics.projectMetrics.NumPackagesMetric" enabled = "false" lowerThreshold = "0.0" lowerThresholdEnabled = "false" upperThreshold = "0.0" upperThresholdEnabled = "false" />
	<METRIC className = "com.sixrr.stockmetrics.projectMetrics.NumProductClassesProjectMetric" enabled = "false" lowerThreshold = "0.0" lowerThresholdEnabled = "false" upperThreshold = "0.0" upperThresholdEnabled = "false" />
	<METRIC className = "com.sixrr.stockmetrics.projectMetrics.NumRootClassesProjectMetric" enabled = "false" lowerThreshold = "0.0" lowerThresholdEnabled = "false" upperThreshold = "0.0" upperThresholdEnabled = "false" />
	<METRIC className = "com.sixrr.stockmetrics.projectMetrics.NumTestClassesProjectMetric" enabled = "false" lowerThreshold = "0.0" lowerThresholdEnabled = "false" upperThreshold = "0.0" upperThresholdEnabled = "false" />
	<METRIC className = "com.sixrr.stockmetrics.projectMetrics.NumTopLevelClassesProjectMetric" enabled = "false" lowerThreshold = "0.0" lowerThresholdEnabled = "false" upperThreshold = "0.0" upperThresholdEnabled = "false" />
	<METRIC className = "com.sixrr.stockmetrics.projectMetrics.NumTopLevelInterfacesProjectMetric" enabled = "false" lowerThreshold = "0.0" lowerThresholdEnabled = "false" upperThreshold = "0.0" upperThresholdEnabled = "false" />
	<METRIC className = "com.sixrr.stockmetrics.projectMetrics.PolymorphismFactorProjectMetric" enabled = "false" lowerThreshold = "0.0" lowerThresholdEnabled = "false" upperThreshold = "0.0" upperThresholdEnabled = "false" />
	<METRIC className = "com.sixrr.stockmetrics.projectMetrics.TestRatioProjectMetric" enabled = "false" lowerThreshold = "0.0" lowerThresholdEnabled = "false" upperThreshold = "0.0" upperThresholdEnabled = "false" />
	<METRIC className = "com.sixrr.stockmetrics.projectMetrics.TotalCyclomaticComplexityProjectMetric" enabled = "true" lowerThreshold = "0.0" lowerThresholdEnabled = "false" upperThreshold = "0.0" upperThresholdEnabled = "false" />
	<METRIC className = "com.sixrr.stockmetrics.projectMetrics.TrueCommentRatioProjectMetric" enabled = "false" lowerThreshold = "0.0" lowerThresholdEnabled = "false" upperThreshold = "0.0" upperThresholdEnabled = "false" />
	<METRIC className = "com.sixrr.stockmetrics.fileTypeMetrics.CommentLinesOfCodeFileTypeMetric" enabled = "false" lowerThreshold = "0.0" lowerThresholdEnabled = "false" upperThreshold = "0.0" upperThresholdEnabled = "false" />
	<METRIC className = "com.sixrr.stockmetrics.fileTypeMetrics.CommentRatioFileTypeMetric" enabled = "false" lowerThreshold = "0.0" lowerThresholdEnabled = "false" upperThreshold = "0.0" upperThresholdEnabled = "false" />
	<METRIC className = "com.sixrr.stockmetrics.fileTypeMetrics.LinesOfCodeFileTypeMetric" enabled = "false" lowerThreshold = "0.0" lowerThresholdEnabled = "false" upperThreshold = "0.0" upperThresholdEnabled = "false" />
	<METRIC className = "com.sixrr.stockmetrics.fileTypeMetrics.NonCommentLinesOfCodeFileTypeMetric" enabled = "false" lowerThreshold = "0.0" lowerThresholdEnabled = "false" upperThreshold = "0.0" upperThresholdEnabled = "false" />
	<METRIC className = "com.sixrr.stockmetrics.fileTypeMetrics.TodoCommentCountFileTypeMetric" enabled = "false" lowerThreshold = "0.0" lowerThresholdEnabled = "false" upperThreshold = "0.0" upperThresholdEnabled = "false" />
	<METRIC className = "com.sixrr.stockmetrics.fileTypeMetrics.NumFilesFileTypeMetric" enabled = "false" lowerThreshold = "0.0" lowerThresholdEnabled = "false" upperThreshold = "0.0" upperThresholdEnabled = "false" />
	<METRIC className = "com.sixrr.stockmetrics.moduleMetrics.AverageCyclomaticComplexityModuleMetric" enabled = "true" lowerThreshold = "0.0" lowerThresholdEnabled = "false" upperThreshold = "0.0" upperThresholdEnabled = "false" />
	<METRIC className = "com.sixrr.stockmetrics.moduleMetrics.CommentLinesOfCodeModuleMetric" enabled = "false" lowerThreshold = "0.0" lowerThresholdEnabled = "false" upperThreshold = "0.0" upperThresholdEnabled = "false" />
	<METRIC className = "com.sixrr.stockmetrics.moduleMetrics.CommentRatioModuleMetric" enabled = "false" lowerThreshold = "0.0" lowerThresholdEnabled = "false" upperThreshold = "0.0" upperThresholdEnabled = "false" />
	<METRIC className = "com.sixrr.stockmetrics.moduleMetrics.EncapsulationRatioModuleMetric" enabled = "false" lowerThreshold = "0.0" lowerThresholdEnabled = "false" upperThreshold = "0.0" upperThresholdEnabled = "false" />
	<METRIC className = "com.sixrr.stockmetrics.moduleMetrics.PercentClassesJavadocedModuleMetric" enabled = "false" lowerThreshold = "0.0" lowerThresholdEnabled = "false" upperThreshold = "0.0" upperThresholdEnabled = "false" />
	<METRIC className = "com.sixrr.stockmetrics.moduleMetrics.PercentFieldsJavadocedModuleMetric" enabled = "false" lowerThreshold = "0.0" lowerThresholdEnabled = "false" upperThreshold = "0.0" upperThresholdEnabled = "false" />
	<METRIC className = "com.sixrr.stockmetrics.moduleMetrics.JavadocLinesOfCodeModuleMetric" enabled = "false" lowerThreshold = "0.0" lowerThresholdEnabled = "false" upperThreshold = "0.0" upperThresholdEnabled = "false" />
	<METRIC className = "com.sixrr.stockmetrics.moduleMetrics.PercentMethodsJavadocedModuleMetric" enabled = "false" lowerThreshold = "0.0" lowerThresholdEnabled = "false" upperThreshold = "0.0" upperThresholdEnabled = "false" />
	<METRIC className = "com.sixrr.stockmetrics.moduleMetrics.LinesOfCSSModuleMetric" enabled = "false" lowerThreshold = "0.0" lowerThresholdEnabled = "false" upperThreshold = "0.0" upperThresholdEnabled = "false" />
	<METRIC className = "com.sixrr.stockmetrics.moduleMetrics.LinesOfGroovyModuleMetric" enabled = "false" lowerThreshold = "0.0" lowerThresholdEnabled = "false" upperThreshold = "0.0" upperThresholdEnabled = "false" />
	<METRIC className = "com.sixrr.stockmetrics.moduleMetrics.LinesOfHTMLModuleMetric" enabled = "false" lowerThreshold = "0.0" lowerThresholdEnabled = "false" upperThreshold = "0.0" upperThresholdEnabled = "false" />
	<METRIC className = "com.sixrr.stockmetrics.moduleMetrics.LinesOfJSPModuleMetric" enabled = "false" lowerThreshold = "0.0" lowerThresholdEnabled = "false" upperThreshold = "0.0" upperThresholdEnabled = "false" />
	<METRIC className = "com.sixrr.stockmetrics.moduleMetrics.LinesOfJavaModuleMetric" enabled = "false" lowerThreshold = "0.0" lowerThresholdEnabled = "false" upperThreshold = "0.0" upperThresholdEnabled = "false" />
	<METRIC className = "com.sixrr.stockmetrics.moduleMetrics.LinesOfJavaScriptModuleMetric" enabled = "false" lowerThreshold = "0.0" lowerThresholdEnabled = "false" upperThreshold = "0.0" upperThresholdEnabled = "false" />
	<METRIC className = "com.sixrr.stockmetrics.moduleMetrics.LinesOfKotlinModuleMetric" enabled = "false" lowerThreshold = "0.0" lowerThresholdEnabled = "false" upperThreshold = "0.0" upperThresholdEnabled = "false" />
	<METRIC className = "com.sixrr.stockmetrics.moduleMetrics.LinesOfXMLModuleMetric" enabled = "false" lowerThreshold = "0.0" lowerThresholdEnabled = "false" upperThreshold = "0.0" upperThresholdEnabled = "false" />
	<METRIC className = "com.sixrr.stockmetrics.moduleMetrics.LinesOfCodeModuleMetric" enabled = "false" lowerThreshold = "0.0" lowerThresholdEnabled = "false" upperThreshold = "0.0" upperThresholdEnabled = "false" />
	<METRIC className = "com.sixrr.stockmetrics.moduleMetrics.LinesOfProductCodeModuleMetric" enabled = "false" lowerThreshold = "0.0" lowerThresholdEnabled = "false" upperThreshold = "0.0" upperThresholdEnabled = "false" />
	<METRIC className = "com.sixrr.stockmetrics.moduleMetrics.LinesOfTestCodeModuleMetric" enabled = "false" lowerThreshold = "0.0" lowerThresholdEnabled = "false" upperThreshold = "0.0" upperThresholdEnabled = "false" />
	<METRIC className = "com.sixrr.stockmetrics.moduleMetrics.SourceLinesOfCodeModuleMetric" enabled = "false" lowerThreshold = "0.0" lowerThresholdEnabled = "false" upperThreshold = "0.0" upperThresholdEnabled = "false" />
	<METRIC className = "com.sixrr.stockmetrics.moduleMetrics.SourceLinesOfCodeProductModuleMetric" enabled = "false" lowerThreshold = "0.0" lowerThresholdEnabled = "false" upperThreshold = "0.0" upperThresholdEnabled = "false" />
	<METRIC className = "com.sixrr.stockmetrics.moduleMetrics.SourceLinesOfCodeTestModuleMetric" enabled = "false" lowerThreshold = "0.0" lowerThresholdEnabled = "false" upperThreshold = "0.0" upperThresholdEnabled = "false" />
	<METRIC className = "com.sixrr.stockmetrics.moduleMetrics.NumCSSFilesModuleMetric" enabled = "false" lowerThreshold = "0.0" lowerThresholdEnabled = "false" upperThreshold = "0.0" upperThresholdEnabled = "false" />
	<METRIC className = "com.sixrr.stockmetrics.moduleMetrics.NumGroovyFilesModuleMetric" enabled = "false" lowerThreshold = "0.0" lowerThresholdEnabled = "false" upperThreshold = "0.0" upperThresholdEnabled = "false" />
	<METRIC className = "com.sixrr.stockmetrics.moduleMetrics.NumHTMLFilesModuleMetric" enabled = "false" lowerThreshold = "0.0" lowerThresholdEnabled = "false" upperThreshold = "0.0" upperThresholdEnabled = "false" />
	<METRIC className = "com.sixrr.stockmetrics.moduleMetrics.NumJSPFilesModuleMetric" enabled = "false" lowerThreshold = "0.0" lowerThresholdEnabled = "false" upperThreshold = "0.0" upperThresholdEnabled = "false" />
	<METRIC className = "com.sixrr.stockmetrics.moduleMetrics.NumTestAssertsModuleMetric" enabled = "false" lowerThreshold = "0.0" lowerThresholdEnabled = "false" upperThreshold = "0.0" upperThresholdEnabled = "false" />
	<METRIC className = "com.sixrr.stockmetrics.moduleMetrics.NumTestCasesModuleMetric" enabled = "false" lowerThreshold = "0.0" lowerThresholdEnabled = "false" upperThreshold = "0.0" upperThresholdEnabled = "false" />
	<METRIC className = "com.sixrr.stockmetrics.moduleMetrics.NumTestMethodsModuleMetric" enabled = "false" lowerThreshold = "0.0" lowerThresholdEnabled = "false" upperThreshold = "0.0" upperThresholdEnabled = "false" />
	<METRIC className = "com.sixrr.stockmetrics.moduleMetrics.NumJavaFilesModuleMetric" enabled = "false" lowerThreshold = "0.0" lowerThresholdEnabled = "false" upperThreshold = "0.0" upperThresholdEnabled = "false" />
	<METRIC className = "com.sixrr.stockmetrics.moduleMetrics.NumJavaScriptFilesModuleMetric" enabled = "false" lowerThreshold = "0.0" lowerThresholdEnabled = "false" upperThreshold = "0.0" upperThresholdEnabled = "false" />
	<METRIC className = "com.sixrr.stockmetrics.moduleMetrics.NumKotlinFilesModuleMetric" enabled = "false" lowerThreshold = "0.0" lowerThresholdEnabled = "false" upperThreshold = "0.0" upperThresholdEnabled = "false" />
	<METRIC className = "com.sixrr.stockmetrics.moduleMetrics.TodoCommentCountModuleMetric" enabled = "false" lowerThreshold = "0.0" lowerThresholdEnabled = "false" upperThreshold = "0.0" upperThresholdEnabled = "false" />
	<METRIC className = "com.sixrr.stockmetrics.moduleMetrics.NumXMLFilesModuleMetric" enabled = "false" lowerThreshold = "0.0" lowerThresholdEnabled = "false" upperThreshold = "0.0" upperThresholdEnabled = "false" />
	<METRIC className = "com.sixrr.stockmetrics.moduleMetrics.NumAbstractClassesModuleMetric" enabled = "false" lowerThreshold = "0.0" lowerThresholdEnabled = "false" upperThreshold = "0.0" upperThresholdEnabled = "false" />
	<METRIC className = "com.sixrr.stockmetrics.moduleMetrics.NumAnnotationClassesModuleMetric" enabled = "false" lowerThreshold = "0.0" lowerThresholdEnabled = "false" upperThreshold = "0.0" upperThresholdEnabled = "false" />
	<METRIC className = "com.sixrr.stockmetrics.moduleMetrics.NumClassesModuleMetric" enabled = "false" lowerThreshold = "0.0" lowerThresholdEnabled = "false" upperThreshold = "0.0" upperThresholdEnabled = "false" />
	<METRIC className = "com.sixrr.stockmetrics.moduleMetrics.NumConcreteClassesModuleMetric" enabled = "false" lowerThreshold = "0.0" lowerThresholdEnabled = "false" upperThreshold = "0.0" upperThresholdEnabled = "false" />
	<METRIC className = "com.sixrr.stockmetrics.moduleMetrics.NumEnumClassesModuleMetric" enabled = "false" lowerThreshold = "0.0" lowerThresholdEnabled = "false" upperThreshold = "0.0" upperThresholdEnabled = "false" />
	<METRIC className = "com.sixrr.stockmetrics.moduleMetrics.NumFilesModuleMetric" enabled = "false" lowerThreshold = "0.0" lowerThresholdEnabled = "false" upperThreshold = "0.0" upperThresholdEnabled = "false" />
	<METRIC className = "com.sixrr.stockmetrics.moduleMetrics.NumInterfacesModuleMetric" enabled = "false" lowerThreshold = "0.0" lowerThresholdEnabled = "false" upperThreshold = "0.0" upperThresholdEnabled = "false" />
	<METRIC className = "com.sixrr.stockmetrics.moduleMetrics.NumLeafClassesModuleMetric" enabled = "false" lowerThreshold = "0.0" lowerThresholdEnabled = "false" upperThreshold = "0.0" upperThresholdEnabled = "false" />
	<METRIC className = "com.sixrr.stockmetrics.moduleMetrics.NumMethodsModuleMetric" enabled = "false" lowerThreshold = "0.0" lowerThresholdEnabled = "false" upperThreshold = "0.0" upperThresholdEnabled = "false" />
	<METRIC className = "com.sixrr.stockmetrics.moduleMetrics.NumProductClassesModuleMetric" enabled = "false" lowerThreshold = "0.0" lowerThresholdEnabled = "false" upperThreshold = "0.0" upperThresholdEnabled = "false" />
	<METRIC className = "com.sixrr.stockmetrics.moduleMetrics.NumRootClassesModuleMetric" enabled = "false" lowerThreshold = "0.0" lowerThresholdEnabled = "false" upperThreshold = "0.0" upperThresholdEnabled = "false" />
	<METRIC className = "com.sixrr.stockmetrics.moduleMetrics.NumTestClassesModuleMetric" enabled = "false" lowerThreshold = "0.0" lowerThresholdEnabled = "false" upperThreshold = "0.0" upperThresholdEnabled = "false" />
	<METRIC className = "com.sixrr.stockmetrics.moduleMetrics.NumTopLevelClassesModuleMetric" enabled = "false" lowerThreshold = "0.0" lowerThresholdEnabled = "false" upperThreshold = "0.0" upperThresholdEnabled = "false" />
	<METRIC className = "com.sixrr.stockmetrics.moduleMetrics.NumTopLevelInterfacesModuleMetric" enabled = "false" lowerThreshold = "0.0" lowerThresholdEnabled = "false" upperThreshold = "0.0" upperThresholdEnabled = "false" />
	<METRIC className = "com.sixrr.stockmetrics.moduleMetrics.TestRatioModuleMetric" enabled = "false" lowerThreshold = "0.0" lowerThresholdEnabled = "false" upperThreshold = "0.0" upperThresholdEnabled = "false" />
	<METRIC className = "com.sixrr.stockmetrics.moduleMetrics.TotalCyclomaticComplexityModuleMetric" enabled = "true" lowerThreshold = "0.0" lowerThresholdEnabled = "false" upperThreshold = "0.0" upperThresholdEnabled = "false" />
	<METRIC className = "com.sixrr.stockmetrics.moduleMetrics.TrueCommentRatioModuleMetric" enabled = "false" lowerThreshold = "0.0" lowerThresholdEnabled = "false" upperThreshold = "0.0" upperThresholdEnabled = "false" />
	<METRIC className = "com.sixrr.stockmetrics.packageMetrics.AbstractnessMetric" enabled = "false" lowerThreshold = "0.0" lowerThresholdEnabled = "false" upperThreshold = "0.0" upperThresholdEnabled = "false" />
	<METRIC className = "com.sixrr.stockmetrics.packageMetrics.AdjustedLevelOrderPackageMetric" enabled = "false" lowerThreshold = "0.0" lowerThresholdEnabled = "false" upperThreshold = "0.0" upperThresholdEnabled = "false" />
	<METRIC className = "com.sixrr.stockmetrics.packageMetrics.AfferentCouplingMetric" enabled = "false" lowerThreshold = "0.0" lowerThresholdEnabled = "false" upperThreshold = "0.0" upperThresholdEnabled = "false" />
	<METRIC className = "com.sixrr.stockmetrics.packageMetrics.AverageCyclomaticComplexityPackageMetric" enabled = "true" lowerThreshold = "0.0" lowerThresholdEnabled = "false" upperThreshold = "0.0" upperThresholdEnabled = "false" />
	<METRIC className = "com.sixrr.stockmetrics.packageMetrics.CommentLinesOfCodePackageMetric" enabled = "false" lowerThreshold = "0.0" lowerThresholdEnabled = "false" upperThreshold = "0.0" upperThresholdEnabled = "false" />
	<METRIC className = "com.sixrr.stockmetrics.packageMetrics.CommentLinesOfCodeRecursivePackageMetric" enabled = "false" lowerThreshold = "0.0" lowerThresholdEnabled = "false" upperThreshold = "0.0" upperThresholdEnabled = "false" />
	<METRIC className = "com.sixrr.stockmetrics.packageMetrics.CommentRatioPackageMetric" enabled = "false" lowerThreshold = "0.0" lowerThresholdEnabled = "false" upperThreshold = "0.0" upperThresholdEnabled = "false" />
	<METRIC className = "com.sixrr.stockmetrics.packageMetrics.CommentRatioRecursivePackageMetric" enabled = "false" lowerThreshold = "0.0" lowerThresholdEnabled = "false" upperThreshold = "0.0" upperThresholdEnabled = "false" />
	<METRIC className = "com.sixrr.stockmetrics.packageMetrics.DistanceMetric" enabled = "false" lowerThreshold = "0.0" lowerThresholdEnabled = "false" upperThreshold = "0.0" upperThresholdEnabled = "false" />
	<METRIC className = "com.sixrr.stockmetrics.packageMetrics.EfferentCouplingMetric" enabled = "false" lowerThreshold = "0.0" lowerThresholdEnabled = "false" upperThreshold = "0.0" upperThresholdEnabled = "false" />
	<METRIC className = "com.sixrr.stockmetrics.packageMetrics.EncapsulationRatioPackageMetric" enabled = "false" lowerThreshold = "0.0" lowerThresholdEnabled = "false" upperThreshold = "0.0" upperThresholdEnabled = "false" />
	<METRIC className = "com.sixrr.stockmetrics.packageMetrics.InstabilityMetric" enabled = "false" lowerThreshold = "0.0" lowerThresholdEnabled = "false" upperThreshold = "0.0" upperThresholdEnabled = "false" />
	<METRIC className = "com.sixrr.stockmetrics.packageMetrics.PercentClassesJavadocedPackageMetric" enabled = "false" lowerThreshold = "0.0" lowerThresholdEnabled = "false" upperThreshold = "0.0" upperThresholdEnabled = "false" />
	<METRIC className = "com.sixrr.stockmetrics.packageMetrics.PercentClassesJavadocedRecursivePackageMetric" enabled = "false" lowerThreshold = "0.0" lowerThresholdEnabled = "false" upperThreshold = "0.0" upperThresholdEnabled = "false" />
	<METRIC className = "com.sixrr.stockmetrics.packageMetrics.PercentFieldsJavadocedPackageMetric" enabled = "false" lowerThreshold = "0.0" lowerThresholdEnabled = "false" upperThreshold = "0.0" upperThresholdEnabled = "false" />
	<METRIC className = "com.sixrr.stockmetrics.packageMetrics.PercentFieldsJavadocedRecursivePackageMetric" enabled = "false" lowerThreshold = "0.0" lowerThresholdEnabled = "false" upperThreshold = "0.0" upperThresholdEnabled = "false" />
	<METRIC className = "com.sixrr.stockmetrics.packageMetrics.JavadocLinesOfCodePackageMetric" enabled = "false" lowerThreshold = "0.0" lowerThresholdEnabled = "false" upperThreshold = "0.0" upperThresholdEnabled = "false" />
	<METRIC className = "com.sixrr.stockmetrics.packageMetrics.JavadocLinesOfCodeRecursivePackageMetric" enabled = "false" lowerThreshold = "0.0" lowerThresholdEnabled = "false" upperThreshold = "0.0" upperThresholdEnabled = "false" />
	<METRIC className = "com.sixrr.stockmetrics.packageMetrics.PercentMethodsJavadocedPackageMetric" enabled = "false" lowerThreshold = "0.0" lowerThresholdEnabled = "false" upperThreshold = "0.0" upperThresholdEnabled = "false" />
	<METRIC className = "com.sixrr.stockmetrics.packageMetrics.PercentMethodsJavadocedRecursivePackageMetric" enabled = "false" lowerThreshold = "0.0" lowerThresholdEnabled = "false" upperThreshold = "0.0" upperThresholdEnabled = "false" />
	<METRIC className = "com.sixrr.stockmetrics.packageMetrics.LevelOrderPackageMetric" enabled = "false" lowerThreshold = "0.0" lowerThresholdEnabled = "false" upperThreshold = "0.0" upperThresholdEnabled = "false" />
	<METRIC className = "com.sixrr.stockmetrics.packageMetrics.LinesOfCodePackageMetric" enabled = "false" lowerThreshold = "0.0" lowerThresholdEnabled = "false" upperThreshold = "0.0" upperThresholdEnabled = "false" />
	<METRIC className = "com.sixrr.stockmetrics.packageMetrics.LinesOfCodeRecursivePackageMetric" enabled = "false" lowerThreshold = "0.0" lowerThresholdEnabled = "false" upperThreshold = "0.0" upperThresholdEnabled = "false" />
	<METRIC className = "com.sixrr.stockmetrics.packageMetrics.LinesOfProductCodePackageMetric" enabled = "false" lowerThreshold = "0.0" lowerThresholdEnabled = "false" upperThreshold = "0.0" upperThresholdEnabled = "false" />
	<METRIC className = "com.sixrr.stockmetrics.packageMetrics.LinesOfProductCodeRecursivePackageMetric" enabled = "false" lowerThreshold = "0.0" lowerThresholdEnabled = "false" upperThreshold = "0.0" upperThresholdEnabled = "false" />
	<METRIC className = "com.sixrr.stockmetrics.packageMetrics.LinesOfTestCodePackageMetric" enabled = "false" lowerThreshold = "0.0" lowerThresholdEnabled = "false" upperThreshold = "0.0" upperThresholdEnabled = "false" />
	<METRIC className = "com.sixrr.stockmetrics.packageMetrics.LinesOfTestCodeRecursivePackageMetric" enabled = "false" lowerThreshold = "0.0" lowerThresholdEnabled = "false" upperThreshold = "0.0" upperThresholdEnabled = "false" />
	<METRIC className = "com.sixrr.stockmetrics.packageMetrics.SourceLinesOfCodePackageMetric" enabled = "false" lowerThreshold = "0.0" lowerThresholdEnabled = "false" upperThreshold = "0.0" upperThresholdEnabled = "false" />
	<METRIC className = "com.sixrr.stockmetrics.packageMetrics.SourceLinesOfCodeProductPackageMetric" enabled = "false" lowerThreshold = "0.0" lowerThresholdEnabled = "false" upperThreshold = "0.0" upperThresholdEnabled = "false" />
	<METRIC className = "com.sixrr.stockmetrics.packageMetrics.SourceLinesOfCodeProductRecursivePackageMetric" enabled = "false" lowerThreshold = "0.0" lowerThresholdEnabled = "false" upperThreshold = "0.0" upperThresholdEnabled = "false" />
	<METRIC className = "com.sixrr.stockmetrics.packageMetrics.SourceLinesOfCodeRecursivePackageMetric" enabled = "false" lowerThreshold = "0.0" lowerThresholdEnabled = "false" upperThreshold = "0.0" upperThresholdEnabled = "false" />
	<METRIC className = "com.sixrr.stockmetrics.packageMetrics.SourceLinesOfCodeTestPackageMetric" enabled = "false" lowerThreshold = "0.0" lowerThresholdEnabled = "false" upperThreshold = "0.0" upperThresholdEnabled = "false" />
	<METRIC className = "com.sixrr.stockmetrics.packageMetrics.SourceLinesOfCodeTestRecursivePackageMetric" enabled = "false" lowerThreshold = "0.0" lowerThresholdEnabled = "false" upperThreshold = "0.0" upperThresholdEnabled = "false" />
	<METRIC className = "com.sixrr.stockmetrics.packageMetrics.NumTestAssertsPackageMetric" enabled = "false" lowerThreshold = "0.0" lowerThresholdEnabled = "false" upperThreshold = "0.0" upperThresholdEnabled = "false" />
	<METRIC className = "com.sixrr.stockmetrics.packageMetrics.NumTestAssertsRecursivePackageMetric" enabled = "false" lowerThreshold = "0.0" lowerThresholdEnabled = "false" upperThreshold = "0.0" upperThresholdEnabled = "false" />
	<METRIC className = "com.sixrr.stockmetrics.packageMetrics.NumTestCasesPackageMetric" enabled = "false" lowerThreshold = "0.0" lowerThresholdEnabled = "false" upperThreshold = "0.0" upperThresholdEnabled = "false" />
	<METRIC className = "com.sixrr.stockmetrics.packageMetrics.NumTestCasesRecursivePackageMetric" enabled = "false" lowerThreshold = "0.0" lowerThresholdEnabled = "false" upperThreshold = "0.0" upperThresholdEnabled = "false" />
	<METRIC className = "com.sixrr.stockmetrics.packageMetrics.NumTestMethodsPackageMetric" enabled = "false" lowerThreshold = "0.0" lowerThresholdEnabled = "false" upperThreshold = "0.0" upperThresholdEnabled = "false" />
	<METRIC className = "com.sixrr.stockmetrics.packageMetrics.NumTestMethodsRecursivePackageMetric" enabled = "false" lowerThreshold = "0.0" lowerThresholdEnabled = "false" upperThreshold = "0.0" upperThresholdEnabled = "false" />
	<METRIC className = "com.sixrr.stockmetrics.packageMetrics.TodoCommentCountPackageMetric" enabled = "false" lowerThreshold = "0.0" lowerThresholdEnabled = "false" upperThreshold = "0.0" upperThresholdEnabled = "false" />
	<METRIC className = "com.sixrr.stockmetrics.packageMetrics.TodoCommentCountRecursivePackageMetric" enabled = "false" lowerThreshold = "0.0" lowerThresholdEnabled = "false" upperThreshold = "0.0" upperThresholdEnabled = "false" />
	<METRIC className = "com.sixrr.stockmetrics.packageMetrics.NumAbstractClassesPackageMetric" enabled = "false" lowerThreshold = "0.0" lowerThresholdEnabled = "false" upperThreshold = "0.0" upperThresholdEnabled = "false" />
	<METRIC className = "com.sixrr.stockmetrics.packageMetrics.NumAbstractClassesRecursivePackageMetric" enabled = "false" lowerThreshold = "0.0" lowerThresholdEnabled = "false" upperThreshold = "0.0" upperThresholdEnabled = "false" />
	<METRIC className = "com.sixrr.stockmetrics.packageMetrics.NumAnnotationClassesPackageMetric" enabled = "false" lowerThreshold = "0.0" lowerThresholdEnabled = "false" upperThreshold = "0.0" upperThresholdEnabled = "false" />
	<METRIC className = "com.sixrr.stockmetrics.packageMetrics.NumAnnotationClassesRecursivePackageMetric" enabled = "false" lowerThreshold = "0.0" lowerThresholdEnabled = "false" upperThreshold = "0.0" upperThresholdEnabled = "false" />
	<METRIC className = "com.sixrr.stockmetrics.packageMetrics.NumAnonymousClassesPackageMetric" enabled = "false" lowerThreshold = "0.0" lowerThresholdEnabled = "false" upperThreshold = "0.0" upperThresholdEnabled = "false" />
	<METRIC className = "com.sixrr.stockmetrics.packageMetrics.NumClassesPackageMetric" enabled = "false" lowerThreshold = "0.0" lowerThresholdEnabled = "false" upperThreshold = "0.0" upperThresholdEnabled = "false" />
	<METRIC className = "com.sixrr.stockmetrics.packageMetrics.NumClassesRecursivePackageMetric" enabled = "false" lowerThreshold = "0.0" lowerThresholdEnabled = "false" upperThreshold = "0.0" upperThresholdEnabled = "false" />
	<METRIC className = "com.sixrr.stockmetrics.packageMetrics.NumConcreteClassesPackageMetric" enabled = "false" lowerThreshold = "0.0" lowerThresholdEnabled = "false" upperThreshold = "0.0" upperThresholdEnabled = "false" />
	<METRIC className = "com.sixrr.stockmetrics.packageMetrics.NumConcreteClassesRecursivePackageMetric" enabled = "false" lowerThreshold = "0.0" lowerThresholdEnabled = "false" upperThreshold = "0.0" upperThresholdEnabled = "false" />
	<METRIC className = "com.sixrr.stockmetrics.packageMetrics.NumCyclicDependenciesPackageMetric" enabled = "false" lowerThreshold = "0.0" lowerThresholdEnabled = "false" upperThreshold = "0.0" upperThresholdEnabled = "false" />
	<METRIC className = "com.sixrr.stockmetrics.packageMetrics.NumDependentPackagesPackageMetric" enabled = "false" lowerThreshold = "0.0" lowerThresholdEnabled = "false" upperThreshold = "0.0" upperThresholdEnabled = "false" />
	<METRIC className = "com.sixrr.stockmetrics.packageMetrics.NumEnumClassesPackageMetric" enabled = "false" lowerThreshold = "0.0" lowerThresholdEnabled = "false" upperThreshold = "0.0" upperThresholdEnabled = "false" />
	<METRIC className = "com.sixrr.stockmetrics.packageMetrics.NumEnumClassesRecursivePackageMetric" enabled = "false" lowerThreshold = "0.0" lowerThresholdEnabled = "false" upperThreshold = "0.0" upperThresholdEnabled = "false" />
	<METRIC className = "com.sixrr.stockmetrics.packageMetrics.NumInterfacesPackageMetric" enabled = "false" lowerThreshold = "0.0" lowerThresholdEnabled = "false" upperThreshold = "0.0" upperThresholdEnabled = "false" />
	<METRIC className = "com.sixrr.stockmetrics.packageMetrics.NumInterfacesRecursivePackageMetric" enabled = "false" lowerThreshold = "0.0" lowerThresholdEnabled = "false" upperThreshold = "0.0" upperThresholdEnabled = "false" />
	<METRIC className = "com.sixrr.stockmetrics.packageMetrics.NumLambdasPackageMetric" enabled = "false" lowerThreshold = "0.0" lowerThresholdEnabled = "false" upperThreshold = "0.0" upperThresholdEnabled = "false" />
	<METRIC className = "com.sixrr.stockmetrics.packageMetrics.NumLeafClassesPackageMetric" enabled = "false" lowerThreshold = "0.0" lowerThresholdEnabled = "false" upperThreshold = "0.0" upperThresholdEnabled = "false" />
	<METRIC className = "com.sixrr.stockmetrics.packageMetrics.NumLeafClassesRecursivePackageMetric" enabled = "false" lowerThreshold = "0.0" lowerThresholdEnabled = "false" upperThreshold = "0.0" upperThresholdEnabled = "false" />
	<METRIC className = "com.sixrr.stockmetrics.packageMetrics.NumMethodsPackageMetric" enabled = "false" lowerThreshold = "0.0" lowerThresholdEnabled = "false" upperThreshold = "0.0" upperThresholdEnabled = "false" />
	<METRIC className = "com.sixrr.stockmetrics.packageMetrics.NumMethodsRecursivePackageMetric" enabled = "false" lowerThreshold = "0.0" lowerThresholdEnabled = "false" upperThreshold = "0.0" upperThresholdEnabled = "false" />
	<METRIC className = "com.sixrr.stockmetrics.packageMetrics.NumDependencyPackagesPackageMetric" enabled = "false" lowerThreshold = "0.0" lowerThresholdEnabled = "false" upperThreshold = "0.0" upperThresholdEnabled = "false" />
	<METRIC className = "com.sixrr.stockmetrics.packageMetrics.NumProductClassesPackageMetric" enabled = "false" lowerThreshold = "0.0" lowerThresholdEnabled = "false" upperThreshold = "0.0" upperThresholdEnabled = "false" />
	<METRIC className = "com.sixrr.stockmetrics.packageMetrics.NumProductClassesRecursivePackageMetric" enabled = "false" lowerThreshold = "0.0" lowerThresholdEnabled = "false" upperThreshold = "0.0" upperThresholdEnabled = "false" />
	<METRIC className = "com.sixrr.stockmetrics.packageMetrics.NumRootClassesPackageMetric" enabled = "false" lowerThreshold = "0.0" lowerThresholdEnabled = "false" upperThreshold = "0.0" upperThresholdEnabled = "false" />
	<METRIC className = "com.sixrr.stockmetrics.packageMetrics.NumRootClassesRecursivePackageMetric" enabled = "false" lowerThreshold = "0.0" lowerThresholdEnabled = "false" upperThreshold = "0.0" upperThresholdEnabled = "false" />
	<METRIC className = "com.sixrr.stockmetrics.packageMetrics.NumTestClassesPackageMetric" enabled = "false" lowerThreshold = "0.0" lowerThresholdEnabled = "false" upperThreshold = "0.0" upperThresholdEnabled = "false" />
	<METRIC className = "com.sixrr.stockmetrics.packageMetrics.NumTestClassesRecursivePackageMetric" enabled = "false" lowerThreshold = "0.0" lowerThresholdEnabled = "false" upperThreshold = "0.0" upperThresholdEnabled = "false" />
	<METRIC className = "com.sixrr.stockmetrics.packageMetrics.NumTopLevelClassesPackageMetric" enabled = "false" lowerThreshold = "0.0" lowerThresholdEnabled = "false" upperThreshold = "0.0" upperThresholdEnabled = "false" />
	<METRIC className = "com.sixrr.stockmetrics.packageMetrics.NumTopLevelClassesRecursivePackageMetric" enabled = "false" lowerThreshold = "0.0" lowerThresholdEnabled = "false" upperThreshold = "0.0" upperThresholdEnabled = "false" />
	<METRIC className = "com.sixrr.stockmetrics.packageMetrics.NumTopLevelInterfacesPackageMetric" enabled = "false" lowerThreshold = "0.0" lowerThresholdEnabled = "false" upperThreshold = "0.0" upperThresholdEnabled = "false" />
	<METRIC className = "com.sixrr.stockmetrics.packageMetrics.NumTopLevelInterfacesRecursivePackageMetric" enabled = "false" lowerThreshold = "0.0" lowerThresholdEnabled = "false" upperThreshold = "0.0" upperThresholdEnabled = "false" />
	<METRIC className = "com.sixrr.stockmetrics.packageMetrics.NumTransitiveDependencyPackagesPackageMetric" enabled = "false" lowerThreshold = "0.0" lowerThresholdEnabled = "false" upperThreshold = "0.0" upperThresholdEnabled = "false" />
	<METRIC className = "com.sixrr.stockmetrics.packageMetrics.NumTransitiveDependentPackagesPackageMetric" enabled = "false" lowerThreshold = "0.0" lowerThresholdEnabled = "false" upperThreshold = "0.0" upperThresholdEnabled = "false" />
	<METRIC className = "com.sixrr.stockmetrics.packageMetrics.TestRatioPackageMetric" enabled = "false" lowerThreshold = "0.0" lowerThresholdEnabled = "false" upperThreshold = "0.0" upperThresholdEnabled = "false" />
	<METRIC className = "com.sixrr.stockmetrics.packageMetrics.TotalCyclomaticComplexityPackageMetric" enabled = "true" lowerThreshold = "0.0" lowerThresholdEnabled = "false" upperThreshold = "0.0" upperThresholdEnabled = "false" />
	<METRIC className = "com.sixrr.stockmetrics.packageMetrics.TrueCommentRatioPackageMetric" enabled = "false" lowerThreshold = "0.0" lowerThresholdEnabled = "false" upperThreshold = "0.0" upperThresholdEnabled = "false" />
	<METRIC className = "com.sixrr.stockmetrics.packageMetrics.TrueCommentRatioRecursivePackageMetric" enabled = "false" lowerThreshold = "0.0" lowerThresholdEnabled = "false" upperThreshold = "0.0" upperThresholdEnabled = "false" />
	<METRIC className = "com.sixrr.stockmetrics.interfaceMetrics.AdjustedLevelOrderInterfaceMetric" enabled = "false" lowerThreshold = "0.0" lowerThresholdEnabled = "false" upperThreshold = "0.0" upperThresholdEnabled = "false" />
	<METRIC className = "com.sixrr.stockmetrics.interfaceMetrics.CommentLinesOfCodeInterfaceMetric" enabled = "false" lowerThreshold = "0.0" lowerThresholdEnabled = "false" upperThreshold = "0.0" upperThresholdEnabled = "false" />
	<METRIC className = "com.sixrr.stockmetrics.interfaceMetrics.CommentRatioInterfaceMetric" enabled = "false" lowerThreshold = "0.0" lowerThresholdEnabled = "false" upperThreshold = "0.0" upperThresholdEnabled = "false" />
	<METRIC className = "com.sixrr.stockmetrics.interfaceMetrics.CouplingBetweenObjectsInterfaceMetric" enabled = "false" lowerThreshold = "0.0" lowerThresholdEnabled = "false" upperThreshold = "0.0" upperThresholdEnabled = "false" />
	<METRIC className = "com.sixrr.stockmetrics.interfaceMetrics.InterfaceSizeAttributesMetric" enabled = "false" lowerThreshold = "0.0" lowerThresholdEnabled = "false" upperThreshold = "0.0" upperThresholdEnabled = "false" />
	<METRIC className = "com.sixrr.stockmetrics.interfaceMetrics.InterfaceSizeOperationsAttributesMetric" enabled = "false" lowerThreshold = "0.0" lowerThresholdEnabled = "false" upperThreshold = "0.0" upperThresholdEnabled = "false" />
	<METRIC className = "com.sixrr.stockmetrics.interfaceMetrics.InterfaceSizeOperationsMetric" enabled = "false" lowerThreshold = "0.0" lowerThresholdEnabled = "false" upperThreshold = "0.0" upperThresholdEnabled = "false" />
	<METRIC className = "com.sixrr.stockmetrics.interfaceMetrics.PercentFieldsJavadocedInterfaceMetric" enabled = "false" lowerThreshold = "0.0" lowerThresholdEnabled = "false" upperThreshold = "0.0" upperThresholdEnabled = "false" />
	<METRIC className = "com.sixrr.stockmetrics.interfaceMetrics.JavadocLinesOfCodeInterfaceMetric" enabled = "false" lowerThreshold = "0.0" lowerThresholdEnabled = "false" upperThreshold = "0.0" upperThresholdEnabled = "false" />
	<METRIC className = "com.sixrr.stockmetrics.interfaceMetrics.PercentMethodsJavadocedInterfaceMetric" enabled = "false" lowerThreshold = "0.0" lowerThresholdEnabled = "false" upperThreshold = "0.0" upperThresholdEnabled = "false" />
	<METRIC className = "com.sixrr.stockmetrics.interfaceMetrics.LevelOrderInterfaceMetric" enabled = "false" lowerThreshold = "0.0" lowerThresholdEnabled = "false" upperThreshold = "0.0" upperThresholdEnabled = "false" />
	<METRIC className = "com.sixrr.stockmetrics.interfaceMetrics.LinesOfCodeInterfaceMetric" enabled = "false" lowerThreshold = "0.0" lowerThresholdEnabled = "false" upperThreshold = "0.0" upperThresholdEnabled = "false" />
	<METRIC className = "com.sixrr.stockmetrics.interfaceMetrics.SourceLinesOfCodeInterfaceMetric" enabled = "false" lowerThreshold = "0.0" lowerThresholdEnabled = "false" upperThreshold = "0.0" upperThresholdEnabled = "false" />
	<METRIC className = "com.sixrr.stockmetrics.interfaceMetrics.TodoCommentCountInterfaceMetric" enabled = "false" lowerThreshold = "0.0" lowerThresholdEnabled = "false" upperThreshold = "0.0" upperThresholdEnabled = "false" />
	<METRIC className = "com.sixrr.stockmetrics.interfaceMetrics.NumCommandsInterfaceMetric" enabled = "false" lowerThreshold = "0.0" lowerThresholdEnabled = "false" upperThreshold = "0.0" upperThresholdEnabled = "false" />
	<METRIC className = "com.sixrr.stockmetrics.interfaceMetrics.NumCyclicDependenciesInterfaceMetric" enabled = "false" lowerThreshold = "0.0" lowerThresholdEnabled = "false" upperThreshold = "0.0" upperThresholdEnabled = "false" />
	<METRIC className = "com.sixrr.stockmetrics.interfaceMetrics.NumDependenciesInterfaceMetric" enabled = "false" lowerThreshold = "0.0" lowerThresholdEnabled = "false" upperThreshold = "0.0" upperThresholdEnabled = "false" />
	<METRIC className = "com.sixrr.stockmetrics.interfaceMetrics.NumPackageDependentsInterfaceMetric" enabled = "false" lowerThreshold = "0.0" lowerThresholdEnabled = "false" upperThreshold = "0.0" upperThresholdEnabled = "false" />
	<METRIC className = "com.sixrr.stockmetrics.interfaceMetrics.NumDependentsInterfaceMetric" enabled = "false" lowerThreshold = "0.0" lowerThresholdEnabled = "false" upperThreshold = "0.0" upperThresholdEnabled = "false" />
	<METRIC className = "com.sixrr.stockmetrics.interfaceMetrics.NumImplementationsMetric" enabled = "false" lowerThreshold = "0.0" lowerThresholdEnabled = "false" upperThreshold = "0.0" upperThresholdEnabled = "false" />
	<METRIC className = "com.sixrr.stockmetrics.interfaceMetrics.NumPackageDependenciesInterfaceMetric" enabled = "false" lowerThreshold = "0.0" lowerThresholdEnabled = "false" upperThreshold = "0.0" upperThresholdEnabled = "false" />
	<METRIC className = "com.sixrr.stockmetrics.interfaceMetrics.NumQueriesInterfaceMetric" enabled = "false" lowerThreshold = "0.0" lowerThresholdEnabled = "false" upperThreshold = "0.0" upperThresholdEnabled = "false" />
	<METRIC className = "com.sixrr.stockmetrics.interfaceMetrics.NumSubinterfacesMetric" enabled = "false" lowerThreshold = "0.0" lowerThresholdEnabled = "false" upperThreshold = "0.0" upperThresholdEnabled = "false" />
	<METRIC className = "com.sixrr.stockmetrics.interfaceMetrics.NumTransitiveDependenciesInterfaceMetric" enabled = "false" lowerThreshold = "0.0" lowerThresholdEnabled = "false" upperThreshold = "0.0" upperThresholdEnabled = "false" />
	<METRIC className = "com.sixrr.stockmetrics.interfaceMetrics.NumTransitiveDependentsInterfaceMetric" enabled = "false" lowerThreshold = "0.0" lowerThresholdEnabled = "false" upperThreshold = "0.0" upperThresholdEnabled = "false" />
	<METRIC className = "com.sixrr.stockmetrics.interfaceMetrics.NumTypeParametersInterfaceMetric" enabled = "false" lowerThreshold = "0.0" lowerThresholdEnabled = "false" upperThreshold = "0.0" upperThresholdEnabled = "false" />
	<METRIC className = "com.sixrr.stockmetrics.interfaceMetrics.TrueCommentRatioInterfaceMetric" enabled = "false" lowerThreshold = "0.0" lowerThresholdEnabled = "false" upperThreshold = "0.0" upperThresholdEnabled = "false" />
	<METRIC className = "com.sixrr.stockmetrics.classMetrics.AdjustedLevelOrderClassMetric" enabled = "false" lowerThreshold = "0.0" lowerThresholdEnabled = "false" upperThreshold = "0.0" upperThresholdEnabled = "false" />
	<METRIC className = "com.sixrr.stockmetrics.classMetrics.AverageOperationParametersMetric" enabled = "false" lowerThreshold = "0.0" lowerThresholdEnabled = "false" upperThreshold = "0.0" upperThresholdEnabled = "false" />
	<METRIC className = "com.sixrr.stockmetrics.classMetrics.AverageOperationComplexityMetric" enabled = "true" lowerThreshold = "0.0" lowerThresholdEnabled = "false" upperThreshold = "3.0" upperThresholdEnabled = "true" />
	<METRIC className = "com.sixrr.stockmetrics.classMetrics.AverageOperationSizeMetric" enabled = "false" lowerThreshold = "0.0" lowerThresholdEnabled = "false" upperThreshold = "0.0" upperThresholdEnabled = "false" />
	<METRIC className = "com.sixrr.stockmetrics.classMetrics.ClassSizeAttributesMetric" enabled = "false" lowerThreshold = "0.0" lowerThresholdEnabled = "false" upperThreshold = "0.0" upperThresholdEnabled = "false" />
	<METRIC className = "com.sixrr.stockmetrics.classMetrics.ClassSizeOperationsAttributesMetric" enabled = "false" lowerThreshold = "0.0" lowerThresholdEnabled = "false" upperThreshold = "0.0" upperThresholdEnabled = "false" />
	<METRIC className = "com.sixrr.stockmetrics.classMetrics.ClassSizeOperationsMetric" enabled = "false" lowerThreshold = "0.0" lowerThresholdEnabled = "false" upperThreshold = "0.0" upperThresholdEnabled = "false" />
	<METRIC className = "com.sixrr.stockmetrics.classMetrics.CommentLinesOfCodeClassMetric" enabled = "false" lowerThreshold = "0.0" lowerThresholdEnabled = "false" upperThreshold = "0.0" upperThresholdEnabled = "false" />
	<METRIC className = "com.sixrr.stockmetrics.classMetrics.CommentRatioClassMetric" enabled = "false" lowerThreshold = "0.0" lowerThresholdEnabled = "false" upperThreshold = "0.0" upperThresholdEnabled = "false" />
	<METRIC className = "com.sixrr.stockmetrics.classMetrics.CouplingBetweenObjectsClassMetric" enabled = "false" lowerThreshold = "0.0" lowerThresholdEnabled = "false" upperThreshold = "0.0" upperThresholdEnabled = "false" />
	<METRIC className = "com.sixrr.stockmetrics.classMetrics.DepthOfInheritanceMetric" enabled = "false" lowerThreshold = "0.0" lowerThresholdEnabled = "false" upperThreshold = "0.0" upperThresholdEnabled = "false" />
	<METRIC className = "com.sixrr.stockmetrics.classMetrics.HalsteadBugsClassMetric" enabled = "false" lowerThreshold = "0.0" lowerThresholdEnabled = "false" upperThreshold = "0.0" upperThresholdEnabled = "false" />
	<METRIC className = "com.sixrr.stockmetrics.classMetrics.HalsteadDifficultyClassMetric" enabled = "false" lowerThreshold = "0.0" lowerThresholdEnabled = "false" upperThreshold = "0.0" upperThresholdEnabled = "false" />
	<METRIC className = "com.sixrr.stockmetrics.classMetrics.HalsteadEffortClassMetric" enabled = "false" lowerThreshold = "0.0" lowerThresholdEnabled = "false" upperThreshold = "0.0" upperThresholdEnabled = "false" />
	<METRIC className = "com.sixrr.stockmetrics.classMetrics.HalsteadLengthClassMetric" enabled = "false" lowerThreshold = "0.0" lowerThresholdEnabled = "false" upperThreshold = "0.0" upperThresholdEnabled = "false" />
	<METRIC className = "com.sixrr.stockmetrics.classMetrics.HalsteadVocabularyClassMetric" enabled = "false" lowerThreshold = "0.0" lowerThresholdEnabled = "false" upperThreshold = "0.0" upperThresholdEnabled = "false" />
	<METRIC className = "com.sixrr.stockmetrics.classMetrics.HalsteadVolumeClassMetric" enabled = "false" lowerThreshold = "0.0" lowerThresholdEnabled = "false" upperThreshold = "0.0" upperThresholdEnabled = "false" />
	<METRIC className = "com.sixrr.stockmetrics.classMetrics.PercentFieldsJavadocedClassMetric" enabled = "false" lowerThreshold = "0.0" lowerThresholdEnabled = "false" upperThreshold = "0.0" upperThresholdEnabled = "false" />
	<METRIC className = "com.sixrr.stockmetrics.classMetrics.JavadocLinesOfCodeClassMetric" enabled = "false" lowerThreshold = "0.0" lowerThresholdEnabled = "false" upperThreshold = "0.0" upperThresholdEnabled = "false" />
	<METRIC className = "com.sixrr.stockmetrics.classMetrics.PercentMethodsJavadocedClassMetric" enabled = "false" lowerThreshold = "0.0" lowerThresholdEnabled = "false" upperThreshold = "0.0" upperThresholdEnabled = "false" />
	<METRIC className = "com.sixrr.stockmetrics.classMetrics.LackOfCohesionOfMethodsClassMetric" enabled = "false" lowerThreshold = "0.0" lowerThresholdEnabled = "false" upperThreshold = "0.0" upperThresholdEnabled = "false" />
	<METRIC className = "com.sixrr.stockmetrics.classMetrics.LevelOrderClassMetric" enabled = "false" lowerThreshold = "0.0" lowerThresholdEnabled = "false" upperThreshold = "0.0" upperThresholdEnabled = "false" />
	<METRIC className = "com.sixrr.stockmetrics.classMetrics.LinesOfCodeClassMetric" enabled = "false" lowerThreshold = "0.0" lowerThresholdEnabled = "false" upperThreshold = "0.0" upperThresholdEnabled = "false" />
	<METRIC className = "com.sixrr.stockmetrics.classMetrics.MaximumOperationComplexityMetric" enabled = "true" lowerThreshold = "0.0" lowerThresholdEnabled = "false" upperThreshold = "0.0" upperThresholdEnabled = "false" />
	<METRIC className = "com.sixrr.stockmetrics.classMetrics.MaximumOperationSizeMetric" enabled = "false" lowerThreshold = "0.0" lowerThresholdEnabled = "false" upperThreshold = "0.0" upperThresholdEnabled = "false" />
	<METRIC className = "com.sixrr.stockmetrics.classMetrics.MessagePassingCouplingClassMetric" enabled = "false" lowerThreshold = "0.0" lowerThresholdEnabled = "false" upperThreshold = "0.0" upperThresholdEnabled = "false" />
	<METRIC className = "com.sixrr.stockmetrics.classMetrics.SourceLinesOfCodeClassMetric" enabled = "false" lowerThreshold = "0.0" lowerThresholdEnabled = "false" upperThreshold = "0.0" upperThresholdEnabled = "false" />
	<METRIC className = "com.sixrr.stockmetrics.classMetrics.NumTestAssertsClassMetric" enabled = "false" lowerThreshold = "0.0" lowerThresholdEnabled = "false" upperThreshold = "0.0" upperThresholdEnabled = "false" />
	<METRIC className = "com.sixrr.stockmetrics.classMetrics.NumTestMethodsClassMetric" enabled = "false" lowerThreshold = "0.0" lowerThresholdEnabled = "false" upperThreshold = "0.0" upperThresholdEnabled = "false" />
	<METRIC className = "com.sixrr.stockmetrics.classMetrics.TodoCommentCountClassMetric" enabled = "false" lowerThreshold = "0.0" lowerThresholdEnabled = "false" upperThreshold = "0.0" upperThresholdEnabled = "false" />
	<METRIC className = "com.sixrr.stockmetrics.classMetrics.NumAttributesAddedMetric" enabled = "false" lowerThreshold = "0.0" lowerThresholdEnabled = "false" upperThreshold = "0.0" upperThresholdEnabled = "false" />
	<METRIC className = "com.sixrr.stockmetrics.classMetrics.NumAttributesInheritedMetric" enabled = "false" lowerThreshold = "0.0" lowerThresholdEnabled = "false" upperThreshold = "0.0" upperThresholdEnabled = "false" />
	<METRIC className = "com.sixrr.stockmetrics.classMetrics.NumChildrenMetric" enabled = "false" lowerThreshold = "0.0" lowerThresholdEnabled = "false" upperThreshold = "0.0" upperThresholdEnabled = "false" />
	<METRIC className = "com.sixrr.stockmetrics.classMetrics.NumCommandsClassMetric" enabled = "false" lowerThreshold = "0.0" lowerThresholdEnabled = "false" upperThreshold = "0.0" upperThresholdEnabled = "false" />
	<METRIC className = "com.sixrr.stockmetrics.classMetrics.NumConstructorsMetric" enabled = "false" lowerThreshold = "0.0" lowerThresholdEnabled = "false" upperThreshold = "0.0" upperThresholdEnabled = "false" />
	<METRIC className = "com.sixrr.stockmetrics.classMetrics.NumCyclicDependenciesClassMetric" enabled = "false" lowerThreshold = "0.0" lowerThresholdEnabled = "false" upperThreshold = "0.0" upperThresholdEnabled = "false" />
	<METRIC className = "com.sixrr.stockmetrics.classMetrics.NumDependenciesClassMetric" enabled = "false" lowerThreshold = "0.0" lowerThresholdEnabled = "false" upperThreshold = "0.0" upperThresholdEnabled = "false" />
	<METRIC className = "com.sixrr.stockmetrics.classMetrics.NumPackageDependentsClassMetric" enabled = "false" lowerThreshold = "0.0" lowerThresholdEnabled = "false" upperThreshold = "0.0" upperThresholdEnabled = "false" />
	<METRIC className = "com.sixrr.stockmetrics.classMetrics.NumDependentsClassMetric" enabled = "false" lowerThreshold = "0.0" lowerThresholdEnabled = "false" upperThreshold = "0.0" upperThresholdEnabled = "false" />
	<METRIC className = "com.sixrr.stockmetrics.classMetrics.NumInnerClassesMetric" enabled = "false" lowerThreshold = "0.0" lowerThresholdEnabled = "false" upperThreshold = "0.0" upperThresholdEnabled = "false" />
	<METRIC className = "com.sixrr.stockmetrics.classMetrics.NumInterfacesImplementedMetric" enabled = "false" lowerThreshold = "0.0" lowerThresholdEnabled = "false" upperThreshold = "0.0" upperThresholdEnabled = "false" />
	<METRIC className = "com.sixrr.stockmetrics.classMetrics.NumOperationsAddedMetric" enabled = "false" lowerThreshold = "0.0" lowerThresholdEnabled = "false" upperThreshold = "0.0" upperThresholdEnabled = "false" />
	<METRIC className = "com.sixrr.stockmetrics.classMetrics.NumOperationsInheritedMetric" enabled = "false" lowerThreshold = "0.0" lowerThresholdEnabled = "false" upperThreshold = "0.0" upperThresholdEnabled = "false" />
	<METRIC className = "com.sixrr.stockmetrics.classMetrics.NumOperationsOverriddenMetric" enabled = "false" lowerThreshold = "0.0" lowerThresholdEnabled = "false" upperThreshold = "0.0" upperThresholdEnabled = "false" />
	<METRIC className = "com.sixrr.stockmetrics.classMetrics.NumPackageDependenciesClassMetric" enabled = "false" lowerThreshold = "0.0" lowerThresholdEnabled = "false" upperThreshold = "0.0" upperThresholdEnabled = "false" />
	<METRIC className = "com.sixrr.stockmetrics.classMetrics.NumQueriesClassMetric" enabled = "false" lowerThreshold = "0.0" lowerThresholdEnabled = "false" upperThreshold = "0.0" upperThresholdEnabled = "false" />
	<METRIC className = "com.sixrr.stockmetrics.classMetrics.NumStatementsClassMetric" enabled = "false" lowerThreshold = "0.0" lowerThresholdEnabled = "false" upperThreshold = "0.0" upperThresholdEnabled = "false" />
	<METRIC className = "com.sixrr.stockmetrics.classMetrics.NumSubclassesMetric" enabled = "false" lowerThreshold = "0.0" lowerThresholdEnabled = "false" upperThreshold = "0.0" upperThresholdEnabled = "false" />
	<METRIC className = "com.sixrr.stockmetrics.classMetrics.NumTransitiveDependenciesClassMetric" enabled = "false" lowerThreshold = "0.0" lowerThresholdEnabled = "false" upperThreshold = "0.0" upperThresholdEnabled = "false" />
	<METRIC className = "com.sixrr.stockmetrics.classMetrics.NumTransitiveDependentsClassMetric" enabled = "false" lowerThreshold = "0.0" lowerThresholdEnabled = "false" upperThreshold = "0.0" upperThresholdEnabled = "false" />
	<METRIC className = "com.sixrr.stockmetrics.classMetrics.NumTypeParametersClassMetric" enabled = "false" lowerThreshold = "0.0" lowerThresholdEnabled = "false" upperThreshold = "0.0" upperThresholdEnabled = "false" />
	<METRIC className = "com.sixrr.stockmetrics.classMetrics.ResponseForClassMetric" enabled = "false" lowerThreshold = "0.0" lowerThresholdEnabled = "false" upperThreshold = "0.0" upperThresholdEnabled = "false" />
	<METRIC className = "com.sixrr.stockmetrics.classMetrics.TrueCommentRatioClassMetric" enabled = "false" lowerThreshold = "0.0" lowerThresholdEnabled = "false" upperThreshold = "0.0" upperThresholdEnabled = "false" />
	<METRIC className = "com.sixrr.stockmetrics.classMetrics.WeightedMethodComplexityMetric" enabled = "true" lowerThreshold = "0.0" lowerThresholdEnabled = "false" upperThreshold = "30.0" upperThresholdEnabled = "true" />
	<METRIC className = "com.sixrr.stockmetrics.methodMetrics.CognitiveComplexityMetric" enabled = "true" lowerThreshold = "0.0" lowerThresholdEnabled = "false" upperThreshold = "15.0" upperThresholdEnabled = "true" />
	<METRIC className = "com.sixrr.stockmetrics.methodMetrics.CommentLinesOfCodeMethodMetric" enabled = "false" lowerThreshold = "0.0" lowerThresholdEnabled = "false" upperThreshold = "0.0" upperThresholdEnabled = "false" />
	<METRIC className = "com.sixrr.stockmetrics.methodMetrics.CommentRatioMethodMetric" enabled = "false" lowerThreshold = "0.0" lowerThresholdEnabled = "false" upperThreshold = "0.0" upperThresholdEnabled = "false" />
	<METRIC className = "com.sixrr.stockmetrics.methodMetrics.ConditionalNestingDepthMetric" enabled = "false" lowerThreshold = "0.0" lowerThresholdEnabled = "false" upperThreshold = "0.0" upperThresholdEnabled = "false" />
	<METRIC className = "com.sixrr.stockmetrics.methodMetrics.ControlDensityMetric" enabled = "false" lowerThreshold = "0.0" lowerThresholdEnabled = "false" upperThreshold = "0.0" upperThresholdEnabled = "false" />
	<METRIC className = "com.sixrr.stockmetrics.methodMetrics.CyclomaticComplexityMetric" enabled = "true" lowerThreshold = "0.0" lowerThresholdEnabled = "false" upperThreshold = "10.0" upperThresholdEnabled = "true" />
	<METRIC className = "com.sixrr.stockmetrics.methodMetrics.DesignComplexityMetric" enabled = "true" lowerThreshold = "0.0" lowerThresholdEnabled = "false" upperThreshold = "8.0" upperThresholdEnabled = "true" />
	<METRIC className = "com.sixrr.stockmetrics.methodMetrics.EssentialCyclomaticComplexityMetric" enabled = "true" lowerThreshold = "0.0" lowerThresholdEnabled = "false" upperThreshold = "3.0" upperThresholdEnabled = "true" />
	<METRIC className = "com.sixrr.stockmetrics.methodMetrics.HalsteadBugsMethodMetric" enabled = "false" lowerThreshold = "0.0" lowerThresholdEnabled = "false" upperThreshold = "0.0" upperThresholdEnabled = "false" />
	<METRIC className = "com.sixrr.stockmetrics.methodMetrics.HalsteadDifficultyMethodMetric" enabled = "false" lowerThreshold = "0.0" lowerThresholdEnabled = "false" upperThreshold = "0.0" upperThresholdEnabled = "false" />
	<METRIC className = "com.sixrr.stockmetrics.methodMetrics.HalsteadEffortMethodMetric" enabled = "false" lowerThreshold = "0.0" lowerThresholdEnabled = "false" upperThreshold = "0.0" upperThresholdEnabled = "false" />
	<METRIC className = "com.sixrr.stockmetrics.methodMetrics.HalsteadLengthMethodMetric" enabled = "false" lowerThreshold = "0.0" lowerThresholdEnabled = "false" upperThreshold = "0.0" upperThresholdEnabled = "false" />
	<METRIC className = "com.sixrr.stockmetrics.methodMetrics.HalsteadVocabularyMethodMetric" enabled = "false" lowerThreshold = "0.0" lowerThresholdEnabled = "false" upperThreshold = "0.0" upperThresholdEnabled = "false" />
	<METRIC className = "com.sixrr.stockmetrics.methodMetrics.HalsteadVolumeMethodMetric" enabled = "false" lowerThreshold = "0.0" lowerThresholdEnabled = "false" upperThreshold = "0.0" upperThresholdEnabled = "false" />
	<METRIC className = "com.sixrr.stockmetrics.methodMetrics.JavadocLinesOfCodeMethodMetric" enabled = "false" lowerThreshold = "0.0" lowerThresholdEnabled = "false" upperThreshold = "0.0" upperThresholdEnabled = "false" />
	<METRIC className = "com.sixrr.stockmetrics.methodMetrics.LinesOfCodeMethodMetric" enabled = "false" lowerThreshold = "0.0" lowerThresholdEnabled = "false" upperThreshold = "0.0" upperThresholdEnabled = "false" />
	<METRIC className = "com.sixrr.stockmetrics.methodMetrics.LoopNestingDepthMetric" enabled = "false" lowerThreshold = "0.0" lowerThresholdEnabled = "false" upperThreshold = "0.0" upperThresholdEnabled = "false" />
	<METRIC className = "com.sixrr.stockmetrics.methodMetrics.NestingDepthMetric" enabled = "false" lowerThreshold = "0.0" lowerThresholdEnabled = "false" upperThreshold = "0.0" upperThresholdEnabled = "false" />
	<METRIC className = "com.sixrr.stockmetrics.methodMetrics.SourceLinesOfCodeMethodMetric" enabled = "false" lowerThreshold = "0.0" lowerThresholdEnabled = "false" upperThreshold = "0.0" upperThresholdEnabled = "false" />
	<METRIC className = "com.sixrr.stockmetrics.methodMetrics.TodoCommentCountMethodMetric" enabled = "false" lowerThreshold = "0.0" lowerThresholdEnabled = "false" upperThreshold = "0.0" upperThresholdEnabled = "false" />
	<METRIC className = "com.sixrr.stockmetrics.methodMetrics.NumAssertsMetric" enabled = "false" lowerThreshold = "0.0" lowerThresholdEnabled = "false" upperThreshold = "0.0" upperThresholdEnabled = "false" />
	<METRIC className = "com.sixrr.stockmetrics.methodMetrics.NumBranchStatementsMetric" enabled = "false" lowerThreshold = "0.0" lowerThresholdEnabled = "false" upperThreshold = "0.0" upperThresholdEnabled = "false" />
	<METRIC className = "com.sixrr.stockmetrics.methodMetrics.NumControlStatementsMetric" enabled = "false" lowerThreshold = "0.0" lowerThresholdEnabled = "false" upperThreshold = "0.0" upperThresholdEnabled = "false" />
	<METRIC className = "com.sixrr.stockmetrics.methodMetrics.NumExceptionsCaughtMetric" enabled = "false" lowerThreshold = "0.0" lowerThresholdEnabled = "false" upperThreshold = "0.0" upperThresholdEnabled = "false" />
	<METRIC className = "com.sixrr.stockmetrics.methodMetrics.NumExceptionsThrownMetric" enabled = "false" lowerThreshold = "0.0" lowerThresholdEnabled = "false" upperThreshold = "0.0" upperThresholdEnabled = "false" />
	<METRIC className = "com.sixrr.stockmetrics.methodMetrics.NumExecutableStatementsMetric" enabled = "false" lowerThreshold = "0.0" lowerThresholdEnabled = "false" upperThreshold = "0.0" upperThresholdEnabled = "false" />
	<METRIC className = "com.sixrr.stockmetrics.methodMetrics.NumExpressionsMetric" enabled = "false" lowerThreshold = "0.0" lowerThresholdEnabled = "false" upperThreshold = "0.0" upperThresholdEnabled = "false" />
	<METRIC className = "com.sixrr.stockmetrics.methodMetrics.NumImplementationsMethodMetric" enabled = "false" lowerThreshold = "0.0" lowerThresholdEnabled = "false" upperThreshold = "0.0" upperThresholdEnabled = "false" />
	<METRIC className = "com.sixrr.stockmetrics.methodMetrics.NumLoopsMetric" enabled = "false" lowerThreshold = "0.0" lowerThresholdEnabled = "false" upperThreshold = "0.0" upperThresholdEnabled = "false" />
	<METRIC className = "com.sixrr.stockmetrics.methodMetrics.NumMethodCallsMetric" enabled = "false" lowerThreshold = "0.0" lowerThresholdEnabled = "false" upperThreshold = "0.0" upperThresholdEnabled = "false" />
	<METRIC className = "com.sixrr.stockmetrics.methodMetrics.NumNullChecksMetric" enabled = "false" lowerThreshold = "0.0" lowerThresholdEnabled = "false" upperThreshold = "0.0" upperThresholdEnabled = "false" />
	<METRIC className = "com.sixrr.stockmetrics.methodMetrics.NumOverridesMethodMetric" enabled = "false" lowerThreshold = "0.0" lowerThresholdEnabled = "false" upperThreshold = "0.0" upperThresholdEnabled = "false" />
	<METRIC className = "com.sixrr.stockmetrics.methodMetrics.NumParametersMetric" enabled = "false" lowerThreshold = "0.0" lowerThresholdEnabled = "false" upperThreshold = "0.0" upperThresholdEnabled = "false" />
	<METRIC className = "com.sixrr.stockmetrics.methodMetrics.NumReturnPointsMetric" enabled = "false" lowerThreshold = "0.0" lowerThresholdEnabled = "false" upperThreshold = "0.0" upperThresholdEnabled = "false" />
	<METRIC className = "com.sixrr.stockmetrics.methodMetrics.NumStatementsMetric" enabled = "false" lowerThreshold = "0.0" lowerThresholdEnabled = "false" upperThreshold = "0.0" upperThresholdEnabled = "false" />
	<METRIC className = "com.sixrr.stockmetrics.methodMetrics.NumTimesCalledMetric" enabled = "false" lowerThreshold = "0.0" lowerThresholdEnabled = "false" upperThreshold = "0.0" upperThresholdEnabled = "false" />
	<METRIC className = "com.sixrr.stockmetrics.methodMetrics.NumTimesCalledProductMetric" enabled = "false" lowerThreshold = "0.0" lowerThresholdEnabled = "false" upperThreshold = "0.0" upperThresholdEnabled = "false" />
	<METRIC className = "com.sixrr.stockmetrics.methodMetrics.NumTimesCalledTestMetric" enabled = "false" lowerThreshold = "0.0" lowerThresholdEnabled = "false" upperThreshold = "0.0" upperThresholdEnabled = "false" />
	<METRIC className = "com.sixrr.stockmetrics.methodMetrics.NumTypeCastExpressionsMetric" enabled = "false" lowerThreshold = "0.0" lowerThresholdEnabled = "false" upperThreshold = "0.0" upperThresholdEnabled = "false" />
	<METRIC className = "com.sixrr.stockmetrics.methodMetrics.NumTypeParametersMetric" enabled = "false" lowerThreshold = "0.0" lowerThresholdEnabled = "false" upperThreshold = "0.0" upperThresholdEnabled = "false" />
	<METRIC className = "com.sixrr.stockmetrics.methodMetrics.QCPCorrectnessMetric" enabled = "false" lowerThreshold = "0.0" lowerThresholdEnabled = "false" upperThreshold = "0.0" upperThresholdEnabled = "false" />
	<METRIC className = "com.sixrr.stockmetrics.methodMetrics.QCPMaintainabilityMetric" enabled = "false" lowerThreshold = "0.0" lowerThresholdEnabled = "false" upperThreshold = "0.0" upperThresholdEnabled = "false" />
	<METRIC className = "com.sixrr.stockmetrics.methodMetrics.QCPReliabilityMetric" enabled = "false" lowerThreshold = "0.0" lowerThresholdEnabled = "false" upperThreshold = "0.0" upperThresholdEnabled = "false" />
	<METRIC className = "com.sixrr.stockmetrics.methodMetrics.RelativeLinesOfCodeMetric" enabled = "false" lowerThreshold = "0.0" lowerThresholdEnabled = "false" upperThreshold = "0.0" upperThresholdEnabled = "false" />
	<METRIC className = "com.sixrr.stockmetrics.methodMetrics.TrueCommentRatioMethodMetric" enabled = "false" lowerThreshold = "0.0" lowerThresholdEnabled = "false" upperThreshold = "0.0" upperThresholdEnabled = "false" />
</METRICS_PROFILE>
