<application>
  <component name="MetricsReloaded">
    <layout>
      <profile name="Complexity metrics">
        <metrics_layout>
          <tables>
            <table category="Method">
              <table_layout sort_column="1" ascending="false">
                <column_order>
                  <c>method</c>
                  <c>CogC</c>
                  <c>ev(G)</c>
                  <c>iv(G)</c>
                  <c>v(G)</c>
                </column_order>
                <column_widths>
                  <w>500</w>
                  <w>100</w>
                  <w>100</w>
                  <w>100</w>
                  <w>100</w>
                </column_widths>
              </table_layout>
            </table>
            <table category="Class">
              <table_layout sort_column="1" ascending="false">
                <column_order>
                  <c>class</c>
                  <c>OCavg</c>
                  <c>OCmax</c>
                  <c>WMC</c>
                </column_order>
                <column_widths>
                  <w>510</w>
                  <w>100</w>
                  <w>100</w>
                  <w>100</w>
                </column_widths>
              </table_layout>
            </table>
            <table category="Interface">
              <table_layout />
            </table>
            <table category="Package">
              <table_layout sort_column="1">
                <column_order>
                  <c>package</c>
                  <c>v(G)avg</c>
                  <c>v(G)tot</c>
                </column_order>
                <column_widths>
                  <w>105</w>
                  <w>100</w>
                  <w>100</w>
                </column_widths>
              </table_layout>
            </table>
            <table category="Module">
              <table_layout>
                <column_order>
                  <c>module</c>
                  <c>v(G)avg</c>
                  <c>v(G)tot</c>
                </column_order>
                <column_widths>
                  <w>105</w>
                  <w>100</w>
                  <w>100</w>
                </column_widths>
              </table_layout>
            </table>
            <table category="FileType">
              <table_layout />
            </table>
            <table category="Project">
              <table_layout>
                <column_order>
                  <c>project</c>
                  <c>v(G)avg</c>
                  <c>v(G)tot</c>
                </column_order>
                <column_widths>
                  <w>105</w>
                  <w>100</w>
                  <w>100</w>
                </column_widths>
              </table_layout>
            </table>
          </tables>
        </metrics_layout>
      </profile>
    </layout>
  </component>
</application>