<application>
  <component name="ProjectManager">
    <defaultProject>
      <component name="CheckStyle-IDEA">
        <option name="configuration">
          <map>
            <entry key="active-configuration" value="LOCAL_FILE:D:/OO-checkstyle/config.xml:OO-checkstyle" />
            <entry key="checkstyle-version" value="8.23" />
            <entry key="copy-libs" value="true" />
            <entry key="location-0" value="BUNDLED:(bundled):Sun Checks" />
            <entry key="location-1" value="BUNDLED:(bundled):Google Checks" />
            <entry key="location-2" value="LOCAL_FILE:D:/OO-checkstyle/config.xml:OO-checkstyle" />
            <entry key="scan-before-checkin" value="false" />
            <entry key="scanscope" value="JavaOnly" />
            <entry key="suppress-errors" value="false" />
          </map>
        </option>
      </component>
      <component name="PropertiesComponent">
        <property name="last_opened_file_path" value="D:/OO-checkstyle/config.xml" />
        <property name="settings.editor.selected.configurable" value="org.infernus.idea.checkstyle.CheckStyleConfigurable" />
      </component>
    </defaultProject>
  </component>
</application>