<keymap version="1" name="Windows 副本" parent="$default">
  <action id="$Redo">
    <keyboard-shortcut first-keystroke="shift ctrl z" />
    <keyboard-shortcut first-keystroke="shift alt back_space" />
    <keyboard-shortcut first-keystroke="ctrl y" />
  </action>
  <action id="CodeCompletion">
    <keyboard-shortcut first-keystroke="ctrl space" />
    <keyboard-shortcut first-keystroke="shift enter" />
  </action>
  <action id="Console.TableResult.DeleteRows" />
  <action id="EditorDeleteLine" />
  <action id="EditorSplitLine" />
  <action id="EditorStartNewLine" />
  <action id="Run">
    <keyboard-shortcut first-keystroke="ctrl enter" />
  </action>
  <action id="SendEOF">
    <keyboard-shortcut first-keystroke="ctrl d" />
    <keyboard-shortcut first-keystroke="ctrl z" />
  </action>
  <action id="编辑器Redo">
    <keyboard-shortcut first-keystroke="ctrl y" />
  </action>
</keymap>